,Year,Month,Days,Date,Total_Visitors,Daily_Visitors,%Change,Notes,Daily_Arrivals_Moving_Avg,detrended_x,Month_num,seasonal_component,remainder
0,1996,Jul,31,1996-07-01,377070,12163.548387096776,,,10516.635415894203,1.156600747869754,7,1.1357494002969934,1.0183591094719557
1,1996,Aug,31,1996-08-01,345020,11129.67741935484,,,10604.392099908186,1.049534694162356,8,1.0208083861281334,1.0281407445555768
2,1996,Sep,30,1996-09-01,311881,10396.033333333333,,,10716.965988223246,0.9700537768578735,9,0.9307963494200047,1.04217617254551
3,1996,Oct,31,1996-10-01,366841,11833.58064516129,,,10826.21831797235,1.0930484032006487,10,1.0553419920086033,1.0357290920645352
4,1996,Nov,30,1996-11-01,316551,10551.7,,,10908.963927291346,0.9672504254599682,11,1.0209590827709765,0.9473939179176134
5,1996,Dec,31,1996-12-01,277137,8939.90322580645,,,10981.708147721452,0.8140721921900058,12,0.9891634965037703,0.8229905319670304
6,1997,Jan,31,1997-01-01,302148,9746.709677419354,0.0943981223242034,,11062.026292882743,0.8810962313197848,1,1.033748801688584,0.85233107876938
7,1997,Feb,28,1997-02-01,309318,11047.07142857143,0.0904264507327252,,11170.192959549411,0.9889776719682604,2,0.9679493567072364,1.0217246027545883
8,1997,Mar,31,1997-03-01,355228,11458.967741935485,0.1433077353863188,,11283.974814388122,1.0155080927089832,3,0.9499329895867208,1.0690312936187127
9,1997,Apr,30,1997-04-01,364875,12162.5,0.1080220951524888,,11400.92602406554,1.0667993086111514,4,1.0501103684278736,1.015892558234867
10,1997,May,31,1997-05-01,350961,11321.32258064516,0.0760525638038238,,11507.296678187406,0.9838385936555569,5,0.9137168198449895,1.07674344204637
11,1997,Jun,30,1997-06-01,345070,11502.333333333334,0.0895834846336742,,11548.425396825398,0.9960088010349243,6,0.931722956616115,1.068996737670054
12,1997,Jul,31,1997-07-01,407510,13145.483870967742,0.0807277163391413,,11584.203622631849,1.1347766578693117,7,1.1357494002969934,0.9991435237144501
13,1997,Aug,31,1997-08-01,395056,12743.741935483871,0.1450234768998899,,11578.304717101895,1.1006569827671362,8,1.0208083861281334,1.0782209450118878
14,1997,Sep,30,1997-09-01,345382,11512.733333333334,0.1074159695524896,,11501.427316948284,1.000983009853776,9,0.9307963494200047,1.0754049588586225
15,1997,Oct,31,1997-10-01,419235,13523.709677419354,0.142824820562587,,11440.184440604198,1.18212339561766,10,1.0553419920086033,1.1201330038689705
16,1997,Nov,30,1997-11-01,342434,11414.466666666667,0.081765655455203,,11378.080005120328,1.0031979614776803,11,1.0209590827709765,0.9826034935258219
17,1997,Dec,31,1997-12-01,280991,9064.225806451614,0.0139064794668339,,11320.713069636457,0.8006762251366463,12,0.9891634965037703,0.8094478091505213
18,1998,Jan,31,1998-01-01,324913,10481.064516129032,0.0753438712154308,,11293.559843830004,0.9280567563340215,1,1.033748801688584,0.8977584833163346
19,1998,Feb,28,1998-02-01,284792,10171.142857142857,-0.0792905682824794,,11291.319252432157,0.9007931340664189,2,0.9679493567072364,0.9306201071621464
20,1998,Mar,31,1998-03-01,325185,10489.83870967742,-0.0845738511603815,,11279.299942396314,0.9300079582287294,3,0.9499329895867208,0.9790248032477953
21,1998,Apr,30,1998-04-01,349854,11661.8,-0.0411675231243576,,11239.561546338966,1.0375671641567341,4,1.0501103684278736,0.9880553467061581
22,1998,May,31,1998-05-01,320277,10331.516129032258,-0.0874285176985476,,11201.941205837174,0.9222969429306279,5,0.9137168198449895,1.0093903525679806
23,1998,Jun,30,1998-06-01,333460,11115.333333333334,-0.0336453473208334,,11211.689144905275,0.9914057721074325,6,0.931722956616115,1.0640563968801164
24,1998,Jul,31,1998-07-01,399305,12880.806451612903,-0.0201344752276018,,11218.420327700973,1.1481836190258534,7,1.1357494002969934,1.0109480301954008
25,1998,Aug,31,1998-08-01,401594,12954.645161290322,0.0165495524685108,,11264.673015873017,1.1500240746478811,8,1.0208083861281334,1.1265817270661884
26,1998,Sep,30,1998-09-01,330401,11013.366666666669,-0.0433751614154761,,11370.705273937532,0.9685737517012327,9,0.9307963494200047,1.040586109200759
27,1998,Oct,31,1998-10-01,405150,13069.354838709678,-0.0335969086550502,,11462.838920890936,1.1401499165177031,10,1.0553419920086033,1.080360608363254
28,1998,Nov,30,1998-11-01,328978,10965.933333333332,-0.0392951634475549,,11576.30321300563,0.9472741972595736,11,1.0209590827709765,0.9278277780619618
29,1998,Dec,31,1998-12-01,302148,9746.709677419354,0.0752942265054752,,11700.227227342551,0.8330359306733827,12,0.9891634965037703,0.842162022373222
30,1999,Jan,31,1999-01-01,308764,9960.129032258064,-0.0497025357557253,,11827.825972862265,0.8420929640925188,1,1.033748801688584,0.8146011513793256
31,1999,Feb,28,1999-02-01,330460,11802.142857142857,0.1603556279670777,,11913.08269329237,0.9906875626564753,2,0.9679493567072364,1.0234911111740286
32,1999,Mar,31,1999-03-01,353512,11403.612903225809,0.0871104140719898,,11977.174001536097,0.9521121511437732,3,0.9499329895867208,1.0022940160842297
33,1999,Apr,30,1999-04-01,388777,12959.233333333334,0.1112549806490708,,12026.872836661545,1.0775231025832144,4,1.0501103684278736,1.0261046219326266
34,1999,May,31,1999-05-01,364474,11757.225806451614,0.1379961720635574,,12075.234171786993,0.9736644142207705,5,0.9137168198449895,1.06560850481657
35,1999,Jun,30,1999-06-01,379914,12663.8,0.1393090625562285,,12137.006797235023,1.0434038813329978,6,0.931722956616115,1.1198649490428914
36,1999,Jul,31,1999-07-01,446236,14394.709677419354,0.1175317113484679,,12194.301152073733,1.1804456440680429,7,1.1357494002969934,1.0393539664290041
37,1999,Aug,31,1999-08-01,418094,13486.90322580645,0.0410862712092312,,12256.776938662006,1.1003629496808587,8,1.0208083861281334,1.07793290556171
38,1999,Sep,30,1999-09-01,360579,12019.3,0.0913374959518886,,12299.521542454579,0.9772168745355393,9,0.9307963494200047,1.0498718383935006
39,1999,Oct,31,1999-10-01,410942,13256.193548387097,0.0142959397753918,,12391.237089049559,1.0698038826245946,10,1.0553419920086033,1.0137035110187043
40,1999,Nov,30,1999-11-01,358193,11939.766666666666,0.0888053304476286,,12488.86930231121,0.9560326381554073,11,1.0209590827709765,0.9364064185223242
41,1999,Dec,31,1999-12-01,317918,10255.41935483871,0.0521929650370016,,12539.243182239527,0.8178658955561525,12,0.9891634965037703,0.8268257961873092
42,2000,Jan,31,2000-01-01,335621,10826.483870967742,0.086982290681556,,12617.888567544185,0.8580265876507813,1,1.033748801688584,0.8300145898589985
43,2000,Feb,29,2000-02-01,360621,12435.206896551725,0.0912697452036555,,12675.522976146334,0.9810409337707917,2,0.9679493567072364,1.0135250640674944
44,2000,Mar,31,2000-03-01,365689,11796.41935483871,0.0344457896761638,,12709.23283277716,0.9281771378375964,3,0.9499329895867208,0.9770974879411339
45,2000,Apr,30,2000-04-01,443028,14767.6,0.1395427198625434,,12780.110700160672,1.155514247604627,4,1.0501103684278736,1.1003740962338597
46,2000,May,31,2000-05-01,381053,12292.032258064515,0.0454874696137448,,12853.131623099742,0.956345318674959,5,0.9137168198449895,1.046653950003023
47,2000,Jun,30,2000-06-01,400139,13337.966666666667,0.0532357322973093,,12940.16061055494,1.0307419720731479,6,0.931722956616115,1.1062751698387423
48,2000,Jul,31,2000-07-01,483849,15608.032258064515,0.0842894791097088,,13107.110879372143,1.1908064562594263,7,1.1357494002969934,1.0484764120923469
49,2000,Aug,31,2000-08-01,423361,13656.806451612903,0.012597645505556,,13167.140901155606,1.0371884491958556,8,1.0208083861281334,1.0160461682038593
50,2000,Sep,30,2000-09-01,379753,12658.433333333332,0.0531755870419519,,13166.00963261649,0.961447977523446,9,0.9307963494200047,1.0329305418124393
51,2000,Oct,31,2000-10-01,443862,14318.129032258064,0.080108628468251,,13223.134901433692,1.0828089661783342,10,1.0553419920086033,1.0260266097414106
52,2000,Nov,30,2000-11-01,378910,12630.333333333334,0.0578375345135164,,13245.444310035842,0.9535605629902162,11,1.0209590827709765,0.9339850921372534
53,2000,Dec,31,2000-12-01,361260,11653.548387096776,0.1363307519549066,,13262.798163082436,0.8786643846797673,12,0.9891634965037703,0.8882903461211765
54,2001,Jan,31,2001-01-01,416490,13435.16129032258,0.2409533372464773,,13262.021639784944,1.0130552984484833,1,1.033748801688584,0.9799820776514576
55,2001,Feb,28,2001-02-01,315483,11267.25,-0.125167419534636,,13270.22325268817,0.8490625805950608,2,0.9679493567072364,0.8771766567244759
56,2001,Mar,31,2001-03-01,401054,12937.225806451614,0.0967078583167664,,13248.872222222222,0.9764775136673228,3,0.9499329895867208,1.0279435753590898
57,2001,Apr,30,2001-04-01,449934,14997.8,0.0155881795281562,,13159.228181003586,1.1397172990472604,4,1.0501103684278736,1.0853309645476006
58,2001,May,31,2001-05-01,390515,12597.258064516129,0.0248311914615553,,13070.624417562725,0.9637839526311731,5,0.9137168198449895,1.0547950214976642
59,2001,Jun,30,2001-06-01,403477,13449.233333333334,0.0083421011198607,,13047.165815412187,1.0308164641738666,6,0.931722956616115,1.1063551207513926
60,2001,Jul,31,2001-07-01,479822,15478.129032258064,-0.008322844523808,,13025.505869175628,1.18829388952075,7,1.1357494002969934,1.0462641575773814
61,2001,Aug,31,2001-08-01,433490,13983.548387096776,0.0239252080375849,,13119.269406041985,1.0658785908197566,8,1.0208083861281334,1.0441514835733001
62,2001,Sep,30,2001-09-01,354578,11819.266666666666,-0.0662930905088307,,13289.487243983614,0.8893696535972415,9,0.9307963494200047,0.9554932764309004
63,2001,Oct,31,2001-10-01,403181,13005.83870967742,-0.0916523604183282,,13348.319367639531,0.9743427881421245,10,1.0553419920086033,0.9232483834815335
64,2001,Nov,30,2001-11-01,354484,11816.133333333331,-0.0644638568525507,,13427.36923323093,0.8800036051805289,11,1.0209590827709765,0.8619381716964782
65,2001,Dec,31,2001-12-01,369047,11904.741935483871,0.0215551126612412,,13544.20104326677,0.8789549045716563,12,0.9891634965037703,0.8885840487223297
66,2002,Jan,31,2002-01-01,392588,12664.129032258064,-0.0573891329923887,,13645.13097158218,0.9281060811092847,1,1.033748801688584,0.8978061977854421
67,2002,Feb,28,2002-02-01,400081,14288.607142857143,0.268153910036357,,13762.7008640553,1.0382124325738546,2,0.9679493567072364,1.0725896198801543
68,2002,Mar,31,2002-03-01,434034,14001.09677419355,0.0822333152144101,,13896.667217101894,1.0075147195698217,3,0.9499329895867208,1.0606166230821739
69,2002,Apr,30,2002-04-01,460377,15345.9,0.0232100708103855,,14053.954806707628,1.0919275186992743,4,1.0501103684278736,1.0398216716343878
70,2002,May,31,2002-05-01,438537,14146.354838709678,0.122970948619131,,14215.72017409114,0.9951205190780356,5,0.9137168198449895,1.0890907308096354
71,2002,Jun,30,2002-06-01,441123,14704.1,0.0933039553679639,,14318.349788786483,1.0269409685406359,6,0.931722956616115,1.1021956271962419
72,2002,Jul,31,2002-07-01,516013,16645.58064516129,0.0754258870997994,,14429.76645545315,1.1535585621949387,7,1.1357494002969934,1.0156805382360654
73,2002,Aug,31,2002-08-01,484771,15637.774193548386,0.1182979999538629,,14500.315610599078,1.0784437120884374,8,1.0208083861281334,1.056460474603771
74,2002,Sep,30,2002-09-01,401407,13380.233333333334,0.1320696715532265,,14522.909120583718,0.9213190843678256,9,0.9307963494200047,0.9898181110636236
75,2002,Oct,31,2002-10-01,471813,15219.774193548386,0.1702163544413055,,14405.587749615976,1.0565187938238838,10,1.0553419920086033,1.0011150904864883
76,2002,Nov,30,2002-11-01,404537,13484.566666666668,0.1411996028029474,,14056.337615207372,0.9593229072754973,11,1.0209590827709765,0.9396291423078456
77,2002,Dec,31,2002-12-01,393682,12699.41935483871,0.0667530151986062,,13731.57498079877,0.9248334129622166,12,0.9891634965037703,0.934965166255194
78,2003,Jan,31,2003-01-01,450847,14543.451612903224,0.1483973020061744,,13607.960195852535,1.0687458960480947,1,1.033748801688584,1.0338545440655837
79,2003,Feb,28,2003-02-01,394869,14102.464285714286,-0.0130273619592032,,13695.712884024579,1.0296991770442387,2,0.9679493567072364,1.0637944742760743
80,2003,Mar,31,2003-03-01,456614,14729.483870967742,0.0520235741900403,,13861.906746031747,1.0625871419301214,3,0.9499329895867208,1.1185916833906484
81,2003,Apr,30,2003-04-01,354054,11801.8,-0.230947679836308,,14015.247113415258,0.8420686345732307,4,1.0501103684278736,0.8018858397083505
82,2003,May,31,2003-05-01,288562,9308.451612903224,-0.3419893874405124,,14145.991647465438,0.6580275066521077,5,0.9137168198449895,0.7201656928716065
83,2003,Jun,30,2003-06-01,352431,11747.7,-0.2010595684196924,,14234.639407322069,0.8252896096515921,6,0.931722956616115,0.8857671733762215
84,2003,Jul,31,2003-07-01,515692,16635.225806451614,-0.0006220773507644,,14385.463332053252,1.1563913808313362,7,1.1357494002969934,1.0181747668358399
85,2003,Aug,31,2003-08-01,550380,17754.1935483871,0.1353401915543628,,14515.334327934921,1.2231336287045733,8,1.0208083861281334,1.1982009996448477
86,2003,Sep,30,2003-09-01,457574,15252.466666666667,0.1399253127125337,,14570.846452848844,1.0467797266290289,9,0.9307963494200047,1.1246066094707992
87,2003,Oct,31,2003-10-01,527859,17027.709677419356,0.1187885878515428,,14881.588746755653,1.1442131594404918,10,1.0553419920086033,1.0842107753740968
88,2003,Nov,30,2003-11-01,444435,14814.5,0.0986263308424197,,15434.40630947967,0.9598360768111354,11,1.0209590827709765,0.9401317770796969
89,2003,Dec,31,2003-12-01,418408,13497.032258064515,0.0628070371518128,,15931.618316648128,0.8471852632799058,12,0.9891634965037703,0.8564663640280995
90,2004,Jan,31,2004-01-01,538334,17365.612903225807,0.1940503097503143,,16270.537313063898,1.067304205699627,1,1.033748801688584,1.0324599205882818
91,2004,Feb,29,2004-02-01,417519,14397.206896551725,0.0573607956056312,,16421.05747435422,0.8767527255194577,2,0.9679493567072364,0.9057836749868704
92,2004,Mar,31,2004-03-01,488778,15767.032258064515,0.07044024055329,,16477.891972562105,0.9568597903371823,3,0.9499329895867208,1.0072918835606237
93,2004,Apr,30,2004-04-01,546662,18222.066666666666,0.5440074112988413,,16526.668675071065,1.102585586056611,4,1.0501103684278736,1.0499711451352474
94,2004,May,31,2004-05-01,500830,16155.806451612903,0.7356062128762624,,16600.406488691136,0.9732175210660586,5,0.9137168198449895,1.0651194111006552
95,2004,Jun,30,2004-06-01,505003,16833.433333333334,0.433,,16708.407743171425,1.0074827950145642,6,0.931722956616115,1.0813115506712405
96,2004,Jul,31,2004-07-01,610190,19683.548387096773,0.1382763354870737,,16728.477635644544,1.1766491139131305,7,1.1357494002969934,1.036011213041752
97,2004,Aug,31,2004-08-01,567869,18318.35483870968,0.072,,16871.95749421756,1.0857278916798978,8,1.0208083861281334,1.063596171851605
98,2004,Sep,30,2004-09-01,481570,16052.333333333334,0.0524417908360177,,17137.63627752176,0.9366713748259471,9,0.9307963494200047,1.0063118268669653
99,2004,Oct,31,2004-10-01,539353,17398.483870967742,0.0217747542430839,,17282.614951356885,1.0067043627331267,10,1.0553419920086033,0.9539129214569527
100,2004,Nov,30,2004-11-01,486403,16213.433333333332,0.0944300066376411,,17375.25491551459,0.9331335518338869,11,1.0209590827709765,0.9139774233667396
101,2004,Dec,31,2004-12-01,455394,14690.129032258064,0.0883969713772203,,17479.54349078341,0.8404183461658399,12,0.9891634965037703,0.8496253138498591
102,2005,Jan,31,2005-01-01,516280,16654.1935483871,-0.0409671319292483,,17622.89120583717,0.9450318539599669,1,1.033748801688584,0.9141793948552086
103,2005,Feb,28,2005-02-01,519460,18552.14285714286,0.2441589484550403,,17770.428840245775,1.0439895977708027,2,0.9679493567072364,1.0785580779992865
104,2005,Mar,31,2005-03-01,557640,17988.387096774193,0.1408860464259849,,17920.484037378388,1.0037891308769435,3,0.9499329895867208,1.056694674130281
105,2005,Apr,30,2005-04-01,584406,19480.2,0.0690444918432231,,18083.173643113158,1.0772555959732704,4,1.0501103684278736,1.0258498805092613
106,2005,May,31,2005-05-01,530752,17121.032258064515,0.0597448235928359,,18219.38269329237,0.9397152772013388,5,0.9137168198449895,1.028453517317061
107,2005,Jun,30,2005-06-01,551134,18371.13333333333,0.0913479721902641,,18353.73287250384,1.0009480611355939,6,0.931722956616115,1.0742979487925193
108,2005,Jul,31,2005-07-01,669172,21586.1935483871,0.0966616955374555,,18563.570238095235,1.1628255379500751,7,1.1357494002969934,1.0238398872550596
109,2005,Aug,31,2005-08-01,618655,19956.612903225807,0.0894325980111609,,18686.106432411674,1.0679920386523325,8,1.0208083861281334,1.0462218504132434
110,2005,Sep,30,2005-09-01,540462,18015.4,0.1222916709927943,,18706.816013824882,0.9630393535001411,9,0.9307963494200047,1.0346402347841477
111,2005,Oct,31,2005-10-01,599539,19339.967741935485,0.1115892560160043,,18857.891865079364,1.025563614443501,10,1.0553419920086033,0.971783196546149
112,2005,Nov,30,2005-11-01,526229,17540.966666666667,0.0818786068342505,,19054.689490527388,0.9205590400928215,11,1.0209590827709765,0.9016610514834149
113,2005,Dec,31,2005-12-01,514197,16587.0,0.1291255484261979,,19138.366282642084,0.8666883972768304,12,0.9891634965037703,0.8761831591442345
114,2006,Jan,31,2006-01-01,613596,19793.41935483871,0.1884946153250173,,19190.834741423452,1.031399604109694,1,1.033748801688584,0.9977274966848302
115,2006,Feb,28,2006-02-01,513906,18353.785714285717,-0.0106918723289569,,19283.829365079364,0.9517708006440961,2,0.9679493567072364,0.983285741189832
116,2006,Mar,31,2006-03-01,579197,18683.774193548383,0.0386575568467111,,19379.39858550947,0.9641049546046685,3,0.9499329895867208,1.0149189102529363
117,2006,Apr,30,2006-04-01,672319,22410.63333333333,0.1504313781857134,,19559.958397337425,1.145740337381492,4,1.0501103684278736,1.091066588645141
118,2006,May,31,2006-05-01,586326,18913.74193548387,0.1273551489207764,,19790.066820276494,0.9557189527073876,5,0.9137168198449895,1.0459684356795835
119,2006,Jun,30,2006-06-01,557600,18586.666666666668,0.0115507299495223,,19981.94137224782,0.9301732159259061,6,0.931722956616115,0.998336693671435
120,2006,Jul,31,2006-07-01,701527,22629.90322580645,0.048350797702235,,20083.969598054275,1.1267644633359146,7,1.1357494002969934,0.9920889793481473
121,2006,Aug,31,2006-08-01,655488,21144.774193548383,0.05953722187649,,20264.395097286222,1.0434446274875513,8,1.0208083861281334,1.0221748191600148
122,2006,Sep,30,2006-09-01,573627,19120.9,0.0613641662133508,,20580.79909114183,0.9290649947712583,9,0.9307963494200047,0.9981399211010816
123,2006,Oct,31,2006-10-01,699605,22567.90322580645,0.1669049052688815,,20780.452092933945,1.0860159887224157,10,1.0553419920086033,1.0290654564549557
124,2006,Nov,30,2006-11-01,595069,19835.63333333333,0.1308175718175928,,20943.41961085509,0.9471057593217687,11,1.0209590827709765,0.9276627979558563
125,2006,Dec,31,2006-12-01,585817,18897.322580645163,0.1392851377973811,,21151.63573988735,0.8934213321860943,12,0.9891634965037703,0.9032089592306228
126,2007,Jan,31,2007-01-01,617885,19931.774193548383,0.0069899412642846,,21397.54944956477,0.9314979848757307,1,1.033748801688584,0.9010873660546633
127,2007,Feb,28,2007-02-01,631278,22545.64285714286,0.2283919627324842,,21677.38143881208,1.0400537962014271,2,0.9679493567072364,1.074491954557907
128,2007,Mar,31,2007-03-01,684654,22085.612903225807,0.1820744927891546,,21974.952496159756,1.0050357518217794,3,0.9499329895867208,1.0580069992716346
129,2007,Apr,30,2007-04-01,714014,23800.466666666667,0.062016691481276,,22250.503392217102,1.0696596947551182,4,1.0501103684278736,1.0186164491990608
130,2007,May,31,2007-05-01,664489,21435.129032258064,0.1333097969389043,,22492.89039938556,0.9529735241515963,5,0.9137168198449895,1.04296375359848
131,2007,Jun,30,2007-06-01,631874,21062.466666666667,0.1332030129124821,,22742.009933435736,0.9261479846466968,6,0.931722956616115,0.9940164917802758
132,2007,Jul,31,2007-07-01,807737,26056.032258064515,0.1513983068363726,,22989.42391193036,1.1333921353524103,7,1.1357494002969934,0.997924484975324
133,2007,Aug,31,2007-08-01,757473,24434.612903225807,0.1555863722905681,,23176.115517020673,1.054301480560057,8,1.0208083861281334,1.0328103637147428
134,2007,Sep,30,2007-09-01,689183,22972.766666666663,0.2014479792617851,,23300.307122110986,0.9859426550161864,9,0.9307963494200047,1.0592463707346342
135,2007,Oct,31,2007-10-01,785207,25329.25806451613,0.1223576160833612,,23454.952955444318,1.0799108449559585,10,1.0553419920086033,1.02328046560584
136,2007,Nov,30,2007-11-01,686747,22891.566666666666,0.1540628061619744,,23642.754702756145,0.9682275586946766,11,1.0209590827709765,0.9483509917623909
137,2007,Dec,31,2007-12-01,676428,21820.25806451613,0.1546745826768427,,23808.04811673464,0.9165076430259187,12,0.9891634965037703,0.9265481856794594
138,2008,Jan,31,2008-01-01,711350,22946.774193548383,0.1512660122838391,,23900.279702756146,0.9601048388945086,1,1.033748801688584,0.9287602919841056
139,2008,Feb,29,2008-02-01,696326,24011.241379310344,0.1030417660681981,,23902.731315659374,1.0045396512314007,2,0.9679493567072364,1.0378018687347825
140,2008,Mar,31,2008-03-01,731619,23600.612903225807,0.0685966926359884,,23815.36939809665,0.9909824411588591,3,0.9499329895867208,1.0432129971504593
141,2008,Apr,30,2008-04-01,779909,25996.966666666667,0.0922881063956728,,23686.442964404894,1.0975462506436253,4,1.0501103684278736,1.0451722824970942
142,2008,May,31,2008-05-01,736122,23745.870967741936,0.1078016340375838,,23439.033197379802,1.0130908885097034,5,0.9137168198449895,1.1087580599441875
143,2008,Jun,30,2008-06-01,681563,22718.766666666663,0.0786375131750949,,23034.769935731056,0.9862814662379494,6,0.931722956616115,1.0585565797584116
144,2008,Jul,31,2008-07-01,825012,26613.290322580644,0.021386911828974,,22639.94332282783,1.1755016319208933,7,1.1357494002969934,1.03500088277705
145,2008,Aug,31,2008-08-01,742022,23936.1935483871,-0.0203980867964931,,22071.911183943357,1.0844640207595593,8,1.0208083861281334,1.0623580639583772
146,2008,Sep,30,2008-09-01,641235,21374.5,-0.0695722326290695,,21460.389797747055,0.9959977522050382,9,0.9307963494200047,1.070049052970246
147,2008,Oct,31,2008-10-01,738832,23833.290322580644,-0.0590608591110369,,21027.93164362519,1.1334110613682693,10,1.0553419920086033,1.0739751378707858
148,2008,Nov,30,2008-11-01,553491,18449.7,-0.1940394351922906,,20478.03262928827,0.9009508058705166,11,1.0209590827709765,0.8824553511246049
149,2008,Dec,31,2008-12-01,513354,16559.8064516129,-0.2410810906704039,,19784.328059395797,0.8370163698204784,12,0.9891634965037703,0.8461860681059696
150,2009,Jan,31,2009-01-01,580673,18731.387096774197,-0.1837028185843817,,19168.740424987198,0.9771840340827562,1,1.033748801688584,0.9452819026117063
151,2009,Feb,28,2009-02-01,408628,14593.857142857143,-0.413165672400571,,18826.366769073218,0.7751818139881893,2,0.9679493567072364,0.800849557486352
152,2009,Mar,31,2009-03-01,568586,18341.483870967742,-0.2228386632933261,,18595.654358678956,0.9863317266061903,3,0.9499329895867208,1.0383171628088264
153,2009,Apr,30,2009-04-01,626313,20877.1,-0.1969409251592172,,18336.830389144903,1.1385337354900165,4,1.0501103684278736,1.0842038796307878
154,2009,May,31,2009-05-01,485713,15668.16129032258,-0.3401732321544526,,18240.907808499745,0.8589573202613119,5,0.9137168198449895,0.9400695068818286
155,2009,Jun,30,2009-06-01,424427,14147.566666666668,-0.3772740010828053,,18409.626356886838,0.7684874419721299,6,0.931722956616115,0.8248025193703145
156,2009,Jul,31,2009-07-01,632722,20410.387096774197,-0.2330753976911851,,18642.442217101896,1.094834403083221,7,1.1357494002969934,0.963975330118534
157,2009,Aug,31,2009-08-01,679586,21922.129032258064,-0.0841430577530046,,19104.127028929848,1.1475074992466732,8,1.0208083861281334,1.1241164501000054
158,2009,Sep,30,2009-09-01,535544,17851.466666666667,-0.1648241284396516,,19675.25404505888,0.9073055232620884,9,0.9307963494200047,0.9747626576183354
159,2009,Oct,31,2009-10-01,655481,21144.548387096773,-0.1128145505338155,,20089.761616743468,1.0525036976782347,10,1.0553419920086033,0.9973105454422728
160,2009,Nov,30,2009-11-01,565089,18836.3,0.0207934727032599,,20631.33504864311,0.9129947216498154,11,1.0209590827709765,0.8942520195538729
161,2009,Dec,31,2009-12-01,626896,20222.451612903227,0.2211768097648017,,21298.933480542753,0.9494584144965321,12,0.9891634965037703,0.9598599400932434
162,2010,Jan,31,2010-01-01,640346,20656.322580645163,0.1027652396443437,,21980.27519201229,0.9397663314129817,1,1.033748801688584,0.909085775846041
163,2010,Feb,28,2010-02-01,664982,23749.35714285714,0.6273529958788924,,22476.24158986175,1.0566427241807923,2,0.9679493567072364,1.0916301734785716
164,2010,Mar,31,2010-03-01,709684,22893.032258064515,0.2481559517821403,,22894.823220686125,0.9999217743415467,3,0.9499329895867208,1.0526234853435021
165,2010,Apr,30,2010-04-01,788212,26273.733333333334,0.2584953529624965,,23244.396786994366,1.130325453230687,4,1.0501103684278736,1.0763872895788125
166,2010,May,31,2010-05-01,721348,23269.290322580644,0.485132166526323,,23437.74396441372,0.9928127194285916,5,0.9137168198449895,1.086565003363975
167,2010,Jun,30,2010-06-01,677064,22568.8,0.5952425269834389,,23563.466141833076,0.9577877831790116,6,0.931722956616115,1.0279748678271923
168,2010,Jul,31,2010-07-01,878582,28341.35483870968,0.3887835703001581,,23691.472862263185,1.196268168023147,7,1.1357494002969934,1.053285317791344
169,2010,Aug,31,2010-08-01,802725,25894.35483870968,0.181,,23812.04817908346,1.0874476082009326,8,1.0208083861281334,1.0652808332869972
170,2010,Sep,30,2010-09-01,717756,23925.2,0.3402372167366267,,23353.643657194058,1.024473968653276,9,0.9307963494200047,1.1006424437436217
171,2010,Oct,31,2010-10-01,727278,23460.58064516129,0.1095333045503987,,22189.924750384023,1.057262740143149,10,1.0553419920086033,1.0018200243609086
172,2010,Nov,30,2010-11-01,634818,21160.6,0.1233947218933655,,21017.39267153098,1.0068137532902928,11,1.0209590827709765,0.9861450574078915
173,2010,Dec,31,2010-12-01,648380,20915.483870967742,0.0342704372017048,,20189.5897593446,1.0359538811969753,12,0.9891634965037703,1.0473029836408108
174,2011,Jan,31,2011-01-01,714099,23035.451612903227,0.1151767950451787,,19424.249212749615,1.1859120710716224,1,1.033748801688584,1.1471955944562993
175,2011,Feb,28,2011-02-01,679393,24264.035714285717,0.0216787822828286,,18653.66453533026,1.3007650946187732,2,0.9679493567072364,1.3438358996835402
176,2011,Mar,31,2011-03-01,352676,11376.645161290322,-0.5030661533865777,,18060.62873783922,0.6299141257167234,3,0.9499329895867208,0.6631142750298363
177,2011,Apr,30,2011-04-01,295826,9860.866666666669,-0.624687266877439,,17662.008262928823,0.5583094809984807,4,1.0501103684278736,0.5316674301905323
178,2011,May,31,2011-05-01,357783,11541.387096774191,-0.5040077743336088,,17396.418343573983,0.6634346719442645,5,0.9137168198449895,0.7260834621133657
179,2011,Jun,30,2011-06-01,432883,14429.433333333332,-0.3606468517008732,,17178.271972606242,0.8399816556836209,6,0.931722956616115,0.9015358586143617
180,2011,Jul,31,2011-07-01,561489,18112.548387096773,-0.3609145190773314,,17032.314983358934,1.063422582590403,7,1.1357494002969934,0.9363179785191369
181,2011,Aug,31,2011-08-01,546503,17629.129032258064,-0.3191902581830639,,16763.01279077723,1.0516682921078102,8,1.0208083861281334,1.0302308507639975
182,2011,Sep,30,2011-09-01,538727,17957.566666666666,-0.2494287752383818,,16972.60710357187,1.0580323080057341,9,0.9307963494200047,1.1366958074824987
183,2011,Oct,31,2011-10-01,615701,19861.322580645163,-0.1534172627248452,,18079.815212890862,1.098535706630679,10,1.0553419920086033,1.0409286420413029
184,2011,Nov,30,2011-11-01,551571,18385.7,-0.1311352230087993,,19167.234343715238,0.9592255027668353,11,1.0209590827709765,0.9395337373985737
185,2011,Dec,31,2011-12-01,572101,18454.870967741936,-0.1176455165180913,,19930.20069676183,0.9259751694693371,12,0.9891634965037703,0.936119430955778
186,2012,Jan,31,2012-01-01,681786,21993.09677419355,-0.0452500283574126,,20661.503071313804,1.0644480558013476,1,1.033748801688584,1.0296970154283298
187,2012,Feb,29,2012-02-01,546451,18843.13793103448,-0.1956776122214977,,21351.611942281546,0.882515942214196,2,0.9679493567072364,0.9117377227423683
188,2012,Mar,31,2012-03-01,676662,21827.8064516129,0.9186505461103108,,21823.69760536398,1.0001882745226414,3,0.9499329895867208,1.0529040316388893
189,2012,Apr,30,2012-04-01,779481,25982.7,1.6349306687039005,,22110.851816833518,1.1751107653038837,4,1.0501103684278736,1.1190354848730317
190,2012,May,31,2012-05-01,667046,21517.612903225807,0.8643870726110519,,22366.70741719194,0.9620375722662923,5,0.9137168198449895,1.052883728713126
191,2012,Jun,30,2012-06-01,682932,22764.4,0.5776364514198986,,22659.43264120628,1.0046323913072226,6,0.931722956616115,1.0782522682020246
192,2012,Jul,31,2012-07-01,847194,27328.83870967742,0.5088345452894001,,22799.75791002348,1.1986460039412443,7,1.1357494002969934,1.0553789450628843
193,2012,Aug,31,2012-08-01,774239,24975.451612903227,0.4167150043092169,,23082.42343785864,1.0820116735203695,8,1.0208083861281334,1.0599557059130131
194,2012,Sep,30,2012-09-01,658239,21941.3,0.2218414892886377,,23625.22068612391,0.9287235997286176,9,0.9307963494200047,0.997773143725071
195,2012,Oct,31,2012-10-01,705848,22769.290322580644,0.1464136001078446,,24066.99828469022,0.9460793595130187,10,1.0553419920086033,0.8964670852453923
196,2012,Nov,30,2012-11-01,648548,21618.266666666663,0.1758196134314531,,24546.41029185868,0.8807099046102397,11,1.0209590827709765,0.8626299716340369
197,2012,Dec,31,2012-12-01,689679,22247.70967741936,0.2055196547462774,,25129.43063236047,0.8853248608334895,12,0.9891634965037703,0.8950237892549595
198,2013,Jan,31,2013-01-01,668610,21568.064516129038,-0.0193257121736145,,25641.854198668712,0.841127336152189,1,1.033748801688584,0.8136670482986232
199,2013,Feb,28,2013-02-01,729460,26052.14285714286,0.3349046849580293,,26028.92140296979,1.0008921404699627,2,0.9679493567072364,1.0340335819580384
200,2013,Mar,31,2013-03-01,857024,27645.93548387097,0.2665466658390747,,26496.42754096262,1.0433835067437391,3,0.9499329895867208,1.0983759045968866
201,2013,Apr,30,2013-04-01,923017,30767.233333333334,0.1841430387655376,,27085.670238095234,1.135922909157333,4,1.0501103684278736,1.0817176396971777
202,2013,May,31,2013-05-01,875408,28238.967741935485,0.3123652641646903,,27650.768490783412,1.021272437738869,5,0.9137168198449895,1.1177122009334644
203,2013,Jun,30,2013-06-01,901066,30035.533333333333,0.3194080816245248,,28151.485023041474,1.0669253614418492,6,0.931722956616115,1.1451100929366065
204,2013,Jul,31,2013-07-01,1003032,32355.870967741936,0.1839460619409485,,28756.60733486943,1.1251630135279602,7,1.1357494002969934,0.9906789413524983
205,2013,Aug,31,2013-08-01,906379,29238.032258064515,0.170670813534322,,29350.814900153608,0.9961574272308023,8,1.0208083861281334,0.9758515317543278
206,2013,Sep,30,2013-09-01,866966,28898.866666666665,0.3170991083785677,,29834.990207373266,0.9686232998837971,9,0.9307963494200047,1.0406393412343775
207,2013,Oct,31,2013-10-01,928560,29953.548387096773,0.3155240221690789,,30523.526228878647,0.9813266056644985,10,1.0553419920086033,0.9298659705530778
208,2013,Nov,30,2013-11-01,839891,27996.366666666665,0.295032904272313,,31250.05687403994,0.8958821028554294,11,1.0209590827709765,0.877490702589102
209,2013,Dec,31,2013-12-01,864491,27886.8064516129,0.2534686426583961,,31762.35557475678,0.8779829438650331,12,0.9891634965037703,0.8876014399725541
210,2014,Jan,31,2014-01-01,944009,30451.90322580645,0.4118978178609354,,32335.42443676395,0.9417505338567315,1,1.033748801688584,0.9110052000238575
211,2014,Feb,28,2014-02-01,880020,31429.285714285717,0.2063992542428645,,32967.42174859191,0.9533437571783457,2,0.9679493567072364,0.9849107813051544
212,2014,Mar,31,2014-03-01,1050559,33889.0,0.2258221473377641,,33562.93769841269,1.0097149511916155,3,0.9499329895867208,1.0629328197464787
213,2014,Apr,30,2014-04-01,1231471,41049.03333333333,0.3341801938642517,,34346.56520737327,1.1951423114798456,4,1.0501103684278736,1.138111142802161
214,2014,May,31,2014-05-01,1097211,35393.903225806454,0.2533709995796245,,35264.08160522273,1.0036814122096547,5,0.9137168198449895,1.0984600375200793
215,2014,Jun,30,2014-06-01,1055273,35175.76666666667,0.1711384071755011,,36219.819777265744,0.9711745360131693,6,0.931722956616115,1.0423426074423847
216,2014,Jul,31,2014-07-01,1270048,40969.29032258064,0.2662088547523906,,37088.05364823349,1.104649241266723,7,1.1357494002969934,0.9726170588140852
217,2014,Aug,31,2014-08-01,1109569,35792.54838709677,0.2241777446300057,,38211.257085253455,0.9367016716367043,8,1.0208083861281334,0.9176077355609891
218,2014,Sep,30,2014-09-01,1099102,36636.73333333333,0.267756751706526,,39604.53579109063,0.9250640766650537,9,0.9307963494200047,0.9938415392813661
219,2014,Oct,31,2014-10-01,1271705,41022.74193548387,0.3695453174808305,,40983.9900921659,1.000945536128396,10,1.0553419920086033,0.9484560869442179
220,2014,Nov,30,2014-11-01,1168427,38947.566666666666,0.3911650440354761,,42456.459178187404,0.9173531523956316,11,1.0209590827709765,0.8985209768699557
221,2014,Dec,31,2014-12-01,1236073,39873.32258064516,0.4298274938663329,,43947.96298643113,0.9072848858309085,12,0.9891634965037703,0.9172243911524594
222,2015,Jan,31,2015-01-01,1218393,39303.0,0.2906582458429951,,45578.96276241679,0.8623057133807401,1,1.033748801688584,0.8341540149523762
223,2015,Feb,28,2015-02-01,1386982,49535.07142857143,0.5760800890888844,,47401.22351510497,1.0450167264730303,2,0.9679493567072364,1.0796192168854386
224,2015,Mar,31,2015-03-01,1525879,49221.90322580645,0.4524448412702189,,49064.74976958525,1.0032029808968599,3,0.9499329895867208,1.056077630626677
225,2015,Apr,30,2015-04-01,1764691,58823.03333333333,0.4329943620272016,,50526.80559395801,1.164194582298458,4,1.0501103684278736,1.1086402127819959
226,2015,May,31,2015-05-01,1641734,52959.16129032258,0.4962792024505769,,51941.66280721966,1.0195892551010417,5,0.9137168198449895,1.1158700736996539
227,2015,Jun,30,2015-06-01,1602198,53406.6,0.5182782085773066,,53328.962224782386,1.0014558276024643,6,0.931722956616115,1.0748429245959648
228,2015,Jul,31,2015-07-01,1918356,61882.45161290323,0.5104594472019954,,54902.294214029695,1.1271378090624458,7,1.1357494002969934,0.9924177012708123
229,2015,Aug,31,2015-08-01,1817023,58613.645161290326,0.6375935160409132,,56407.306903393546,1.0391144051900134,8,1.0208083861281334,1.0179328650808932
230,2015,Sep,30,2015-09-01,1612208,53740.26666666667,0.4668411121078843,,57710.933840069214,0.9311973154964671,9,0.9307963494200047,1.000430777448485
231,2015,Oct,31,2015-10-01,1829265,59008.54838709677,0.4384350144097884,,58801.31538128785,1.0035242920071625,10,1.0553419920086033,0.9508996132118106
232,2015,Nov,30,2015-11-01,1647550,54918.333333333336,0.4100581379923607,,59580.09611605488,0.9217563735774948,11,1.0209590827709765,0.9028338051273941
233,2015,Dec,31,2015-12-01,1773130,57197.74193548387,0.4344864745043375,,60451.26296193302,0.9461794366728461,12,0.9891634965037703,0.9565450403468662
234,2016,Jan,31,2016-01-01,1851895,59738.54838709677,0.5199488178280736,,61492.12738845631,0.9714828698268662,1,1.033748801688584,0.939766864290426
235,2016,Feb,29,2016-02-01,1891375,65219.8275862069,0.3636622537278782,,62312.431151897166,1.0466583694547635,2,0.9679493567072364,1.0813152177870946
236,2016,Mar,31,2016-03-01,2009550,64824.1935483871,0.3169786070848344,,63049.59548881473,1.0281460657410115,3,0.9499329895867208,1.0823353615588382
237,2016,Apr,30,2016-04-01,2081697,69389.9,0.1796382482825604,,63886.79746014089,1.0861383377886877,4,1.0501103684278736,1.0343087454842979
238,2016,May,31,2016-05-01,1893574,61083.03225806452,0.1533987844559472,,64615.410542578174,0.9453322627705661,5,0.9137168198449895,1.0346009203715218
239,2016,Jun,30,2016-06-01,1985722,66190.73333333334,0.2393736604339789,,65304.88249598319,1.0135648484997217,6,0.931722956616115,1.087839299549777
240,2016,Jul,31,2016-07-01,2296451,74079.06451612903,0.1970932402536338,,66274.35964652082,1.117763565143974,7,1.1357494002969934,0.9841639052168406
241,2016,Aug,31,2016-08-01,2049234,66104.32258064517,0.1277975017377326,,67182.75704740276,0.9839477491821798,8,1.0208083861281334,0.9638907385099333
242,2016,Sep,30,2016-09-01,1918246,63941.53333333333,0.1898253823328006,,67758.2794482847,0.9436711477028512,9,0.9307963494200047,1.0138320249009023
243,2016,Oct,31,2016-10-01,2135904,68900.12903225806,0.167629621733319,,68712.53047875065,1.0027301942193125,10,1.0553419920086033,0.9501471578050673
244,2016,Nov,30,2016-11-01,1875404,62513.46666666667,0.1382986859275894,,69942.35812211983,0.8937855163178475,11,1.0209590827709765,0.8754371564940995
245,2016,Dec,31,2016-12-01,2050648,66149.93548387097,0.156513058828174,,70982.52882104454,0.9319185521079825,12,0.9891634965037703,0.9421279246574283
246,2017,Jan,31,2017-01-01,2295668,74053.80645161291,0.2396318365782077,,72001.09199308755,1.02850949064387,1,1.033748801688584,0.9949317367660733
247,2017,Feb,28,2017-02-01,2035771,72706.10714285714,0.076344458396669,,73094.18473502304,0.9946907186450915,2,0.9679493567072364,1.0276268192675118
248,2017,Mar,31,2017-03-01,2205664,71150.45161290323,0.0975910029608619,,74172.71430491551,0.9592537131702082,3,0.9499329895867208,1.0098119800929775
249,2017,Apr,30,2017-04-01,2578970,85965.66666666667,0.2388786648585263,,75292.97774577574,1.141748795710098,4,1.0501103684278736,1.0872655199276022
250,2017,May,31,2017-05-01,2294717,74023.12903225806,0.2118443747115244,,76608.40090885817,0.9662534154749447,5,0.9137168198449895,1.0574976781524805
251,2017,Jun,30,2017-06-01,2346442,78214.73333333334,0.182,,77939.10633000513,1.003536440386693,6,0.931722956616115,1.077076005545033
252,2017,Jul,31,2017-07-01,2681518,86500.58064516129,0.168,,78848.18563108039,1.0970522650944106,7,1.1357494002969934,0.9659281042169481
253,2017,Aug,31,2017-08-01,2477428,79917.03225806452,0.2089531990978093,,79829.37101894521,1.0010981076012548,8,1.0208083861281334,0.9806915001926674
254,2017,Sep,30,2017-09-01,2280406,76013.53333333334,0.1887974743593887,,81074.73785842294,0.9375735937138922,9,0.9307963494200047,1.0072811247037126
255,2017,Oct,31,2017-10-01,2595148,83714.45161290323,0.2150115360990008,,82062.3251344086,1.0201325818612699,10,1.0553419920086033,0.9666369665814962
256,2017,Nov,30,2017-11-01,2378079,79269.3,0.2680355806002332,,83020.40031362008,0.9548171256769442,11,1.0209590827709765,0.9352158590778027
257,2017,Dec,31,2017-12-01,2521262,81331.03225806452,0.2294952619854797,,84029.08799283154,0.9678914076159294,12,0.9891634965037703,0.9784948707033491
258,2018,Jan,31,2018-01-01,2501409,80690.6129032258,0.0896214086705917,,84728.8872311828,0.9523388721376859,1,1.033748801688584,0.9212478607782484
259,2018,Feb,28,2018-02-01,2509297,89617.75,0.233,,85066.40739247312,1.0535034068916092,2,0.9679493567072364,1.088386907426035
260,2018,Mar,31,2018-03-01,2607956,84127.6129032258,0.182,,85033.81998207886,0.98934298048654,3,0.9499329895867208,1.0414871273361768
261,2018,Apr,30,2018-04-01,2900718,96690.6,0.125,,84927.13176523297,1.1385124870022125,4,1.0501103684278736,1.084183645102644
262,2018,May,31,2018-05-01,2675052,86292.0,0.166,,85089.16993727599,1.0141361123114807,5,0.9137168198449895,1.1099019852600802
263,2018,Jun,30,2018-06-01,2704631,90154.36666666668,0.153,,85338.64359318998,1.0564307431042999,6,0.931722956616115,1.1338464246293831
264,2018,Jul,31,2018-07-01,2832040,91356.12903225806,0.056,,85739.77800179212,1.0655046136269277,7,1.1357494002969934,0.9381511567149433
265,2018,Aug,31,2018-08-01,2578021,83161.96774193548,0.041,,86133.77833781362,0.9654977332560195,8,1.0208083861281334,0.9458168118290015
266,2018,Sep,30,2018-09-01,2159595,71986.5,-0.053,,86479.7275985663,0.8324089587117689,9,0.9307963494200047,0.8942976186256612
267,2018,Oct,31,2018-10-01,2640610,85180.96774193548,0.018,,86720.33588709676,0.9822490523195687,10,1.0553419920086033,0.9307400442297205
268,2018,Nov,30,2018-11-01,2450751,81691.7,0.031,,86888.17401433692,0.9401935410280404,11,1.0209590827709765,0.920892479330581
269,2018,Dec,31,2018-12-01,2631776,84896.0,0.044,,87263.57186379928,0.9728687261679526,12,0.9891634965037703,0.9835267168739928
270,2019,Jan,31,2019-01-01,2689339,86752.87096774194,0.075,,87721.10681003585,0.9889623389683092,1,1.033748801688584,0.9566756811257067
271,2019,Feb,28,2019-02-01,2604322,93011.5,0.038,,87857.21164874552,1.0586666507453184,2,0.9679493567072364,1.0937211160991764
272,2019,Mar,31,2019-03-01,2760136,89036.64516129032,0.058,,87936.7509856631,1.0125077872823223,3,0.9499329895867208,1.0658728545924334
273,2019,Apr,30,2019-04-01,2926685,97556.16666666669,0.009,,87900.49059139786,1.1098478064263928,4,1.0501103684278736,1.0568868185617026
274,2019,May,31,2019-05-01,2773091,89454.54838709677,0.037,,87693.72325268816,1.020079260739504,5,0.9137168198449895,1.1164063510536653
275,2019,Jun,30,2019-06-01,2880041,96001.36666666668,0.0648554275980715,,87538.90887096775,1.0966708164956978,6,0.931722956616115,1.177035307231937
276,2019,Jul,31,2019-07-01,2991189,96489.96774193548,0.056195887063742,,87359.19650537636,1.1045198628400525,7,1.1357494002969934,0.9725031442246198
277,2019,Aug,31,2019-08-01,2520134,81294.64516129032,-0.0224540451765132,,85004.77610771227,0.956353853085611,8,1.0208083861281334,0.9368593225541625
278,2019,Sep,30,2019-09-01,2272883,75762.76666666666,0.052457984020152,,79238.8489896181,0.9561315899047591,9,0.9307963494200047,1.0272188868172305
279,2019,Oct,31,2019-10-01,2496568,80534.45161290323,-0.0545487595669182,,71728.49289642813,1.1227679316947368,10,1.0553419920086033,1.0638901324847347
280,2019,Nov,30,2019-11-01,2441274,81375.8,-0.0038669779181973,,63942.66637313064,1.272636951439281,11,1.0209590827709765,1.2465112196124724
281,2019,Dec,31,2019-12-01,2526387,81496.35483870968,-0.0400448214437703,,56221.134294277595,1.4495679580588736,12,0.9891634965037703,1.4654482936161892
282,2020,Jan,31,2020-01-01,2661022,85839.41935483871,-0.0105293531235742,,48209.30786058584,1.7805569746629337,1,1.033748801688584,1.7224271232570918
283,2020,Feb,29,2020-02-01,1085147,37418.86206896552,-0.5833284056272612,,40818.33608639229,0.9167169869386209,2,0.9679493567072364,0.9470712290745278
284,2020,Mar,31,2020-03-01,193658,6247.032258064516,-0.9298375152528716,,34304.91991255716,0.18210309990485704,3,0.9499329895867208,0.19170099565031748
285,2020,Apr,30,2020-04-01,2917,97.23333333333332,-0.9990033092047828,,27848.35051291559,0.003491529356047072,4,1.0501103684278736,0.0033249165621269516
286,2020,May,31,2020-05-01,1663,53.64516129032258,-0.9994003081759668,,21217.611668829566,0.0025283317523023467,5,0.9137168198449895,0.0027670846124199333
287,2020,Jun,30,2020-06-01,2565,85.5,-0.999109387678856,,14588.845943023112,0.005860641776184431,6,0.931722956616115,0.006290112028010393
288,2020,Jul,31,2020-07-01,3782,122.0,-0.9987356198488292,,7757.913147324189,0.015725878555637025,7,1.1357494002969934,0.013846257415169911
289,2020,Aug,31,2020-08-01,8658,279.2903225806452,-0.9965644683973154,,2695.625931701008,0.10360870894442165,8,1.0208083861281334,0.10149672588153733
290,2020,Sep,30,2020-09-01,13684,456.1333333333333,-0.9939794525279128,,903.6586085509473,0.5047628927751392,9,0.9307963494200047,0.5422914401089624
291,2020,Oct,31,2020-10-01,27386,883.4193548387096,-0.989030541126859,,670.8878200204813,1.3167914641999912,10,1.0553419920086033,1.2477390970615867
292,2020,Nov,30,2020-11-01,56673,1889.1,-0.9767854816788284,,693.1627304147466,2.725334062420922,11,1.0209590827709765,2.6693861765979063
293,2020,Dec,31,2020-12-01,58673,1892.6774193548388,-0.9767759254619344,,713.7015296979007,2.6519172799811446,12,0.9891634965037703,2.6809696166047674
294,2021,Jan,31,2021-01-01,46522,1500.7096774193549,-0.982517243374914,,786.5266193036355,1.908021471349607,1,1.033748801688584,1.8457302859581906
295,2021,Feb,28,2021-02-01,7355,262.67857142857144,-0.9932221164505822,,873.2618343573989,0.3008016165299001,2,0.9679493567072364,0.31076172988343626
296,2021,Mar,31,2021-03-01,12276,396.0,-0.9366098999266748,,902.0636264720943,0.43899342394363844,3,0.9499329895867208,0.4621309384513823
297,2021,Apr,30,2021-04-01,10853,361.76666666666665,2.720603359616044,,900.5818164362519,0.4017032767752695,4,1.0501103684278736,0.38253434005861864
298,2021,May,31,2021-05-01,10035,323.7096774193548,5.034275405892965,,843.506950844854,0.3837664610767323,5,0.9137168198449895,0.4200059063614891
299,2021,Jun,30,2021-06-01,9251,308.3666666666667,2.606627680311891,,730.8998271889401,0.4219000404647145,6,0.931722956616115,0.45281704982025484
300,2021,Jul,31,2021-07-01,51055,1646.9354838709678,12.499471179270229,,629.6296658986175,2.615720911943428,7,1.1357494002969934,2.3030792807457603
301,2021,Aug,31,2021-08-01,25916,836.0,1.993300993300993,,604.9136520737327,1.3820154283740653,8,1.0208083861281334,1.3538441172255344
302,2021,Sep,30,2021-09-01,17720,590.6666666666666,0.2949429991230634,,691.2204877112135,0.8545271402797923,9,0.9307963494200047,0.9180602618524052
303,2021,Oct,31,2021-10-01,22113,713.3225806451613,-0.1925436354341634,,942.3358550947261,0.7569727680302012,10,1.0553419920086033,0.717277217965596
304,2021,Nov,30,2021-11-01,20682,689.4,-0.6350643163411148,,1305.233480542755,0.5281813639298671,11,1.0209590827709765,0.5173384250584603
305,2021,Dec,31,2021-12-01,12084,389.8064516129032,-0.7940449610553406,,1643.803328213006,0.23713691590870878,12,0.9891634965037703,0.23973480293892435
306,2022,Jan,31,2022-01-01,17766,573.0967741935484,-0.618,,1923.9215629800306,0.29787949011073944,1,1.033748801688584,0.2881546170831503
307,2022,Feb,28,2022-02-01,16719,597.1071428571429,1.273,,2243.154089861751,0.26619087184239915,2,0.9679493567072364,0.27500495764357497
308,2022,Mar,31,2022-03-01,66121,2132.935483870968,4.386,,2699.0739375320018,0.7902471489244554,3,0.9499329895867208,0.8318977839355398
309,2022,Apr,30,2022-04-01,139548,4651.6,11.858,,3601.965559395801,1.2914060179909845,4,1.0501103684278736,1.2297812275907303
310,2022,May,31,2022-05-01,147046,4743.419354838709,13.653,,5511.79607014849,0.8605941320160126,5,0.9137168198449895,0.9418608843843007
311,2022,Jun,30,2022-06-01,120430,4014.3333333333335,12.018,,8606.434376600102,0.466433967619371,6,0.931722956616115,0.5006144415646822
312,2022,Jul,31,2022-07-01,144578,4663.806451612903,1.832,,12420.595666922683,0.37548975722904315,7,1.1357494002969934,0.3306096900697057
313,2022,Aug,31,2022-08-01,169902,5480.709677419355,5.556,,16580.185912698413,0.33055779387985,8,1.0208083861281334,0.3238196299832885
314,2022,Sep,30,2022-09-01,206641,6888.033333333334,10.661,,21105.083954173067,0.32636844033834683,9,0.9307963494200047,0.35063356290741005
315,2022,Oct,31,2022-10-01,498646,16085.354838709678,21.55,,25972.69945596518,0.6193177904353464,10,1.0553419920086033,0.5868408488670255
316,2022,Nov,30,2022-11-01,934599,31153.3,44.189,,30841.168452380953,1.0101206135591452,11,1.0209590827709765,0.9893840317455087
317,2022,Dec,31,2022-12-01,1370114,44197.22580645161,112.382,,35908.69717101895,1.2308223157180467,12,0.9891634965037703,1.2443062446889994
318,2023,Jan,31,2023-01-01,1497472,48305.54838709677,83.289,,41546.09954557092,1.1626975556179846,1,1.033748801688584,1.1247389633910758
319,2023,Feb,28,2023-02-01,1475455,52694.82142857143,87.25,,47142.072663850486,1.117787539897008,2,0.9679493567072364,1.1547996102807385
320,2023,Mar,31,2023-03-01,1817616,58632.77419354839,26.489,,52560.10451868919,1.1155376255520932,3,0.9499329895867208,1.1743329664099997
321,2023,Apr,30,2023-04-01,1949236,64974.53333333333,12.968,,58019.38502944188,1.1198762844584111,4,1.0501103684278736,1.0664367462012438
322,2023,May,31,2023-05-01,1899176,61263.74193548387,11.916,,62823.790540194575,0.9751678688710674,5,0.9137168198449895,1.0672539321717893
323,2023,Jun,30,2023-06-01,2073441,69114.7,16.217,,66749.19605094727,1.0354386882389897,6,0.931722956616115,1.1113160633065815
324,2023,Jul,31,2023-07-01,2320694,74861.09677419355,15.052,,70183.34524449565,1.0666504498097398,7,1.1357494002969934,0.939160037884075
325,2023,Aug,31,2023-08-01,2157190,69586.7741935484,11.697,,73594.61116661811,0.9455417059817603,8,1.0208083861281334,0.92626757267164
326,2023,Sep,30,2023-09-01,2184442,72814.73333333334,9.571193519195123,,77104.20907798788,0.9443678134313536,9,0.9307963494200047,1.0145804869344466
327,2023,Oct,31,2023-10-01,2516623,81181.3870967742,4.046913040513712,,80322.47641669757,1.01069327937078,10,1.0553419920086033,0.9576926598430479
328,2023,Nov,30,2023-11-01,2440890,81363.0,1.611697637168454,,83375.35800271906,0.9758638757190892,11,1.0209590827709765,0.9558305442275956
329,2023,Dec,31,2023-12-01,2734115,88197.25806451614,0.9955383274676416,,86391.34236651835,1.020903896716133,12,0.9891634965037703,1.0320881232723915
330,2024,Jan,31,2024-01-01,2688478,86725.09677419355,0.7953444204632876,,89179.89393461871,0.9724736479029132,1,1.033748801688584,0.9407252964302542
331,2024,Feb,29,2024-02-01,2788224,96145.6551724138,0.8897384196739311,,91529.48936472624,1.0504336453718548,2,0.9679493567072364,1.0852155002666803
332,2024,Mar,31,2024-03-01,3081781,99412.29032258064,0.6955071918381,,93528.37489340006,1.0629104850360849,3,0.9499329895867208,1.1189320685646638
333,2024,Apr,30,2024-04-01,3043003,101433.43333333332,0.5611260001354377,,95553.30746508465,1.0615376487140151,4,1.0501103684278736,1.010881980246752
334,2024,May,31,2024-05-01,3040294,98074.0,0.6008489997767452,,97659.12892565815,1.0042481545648196,5,0.9137168198449895,1.0990802979146084
335,2024,Jun,30,2024-06-01,3140642,104688.06666666668,0.514700442404679,,99711.45979483378,1.0499100793637237,6,0.931722956616115,1.1268479239546136
336,2024,Jul,31,2024-07-01,3292602,106212.96774193548,0.4188005829290722,,102196.57269805958,1.0393006823794606,7,1.1357494002969934,0.9150792261987444
337,2024,Aug,31,2024-08-01,2933381,94625.19354838708,0.3598157788604619,,104508.73765151316,0.9054285380799164,8,1.0208083861281334,0.8869720805431017
338,2024,Sep,30,2024-09-01,2872487,95749.56666666668,0.3149751744381401,,105910.71846518178,0.904059268544613,9,0.9307963494200047,0.9712750475525049
339,2024,Oct,31,2024-10-01,3312193,106844.93548387096,0.3161260149017155,,107672.77469278034,0.9923115271128525,10,1.0553419920086033,0.9402748441992849
340,2024,Nov,30,2024-11-01,3187175,106239.16666666669,0.3057429871890991,,109753.80807091654,0.9679770436577573,11,1.0209590827709765,0.9481056195029666
341,2024,Dec,31,2024-12-01,3489888,112577.03225806452,0.2764232667609081,↑Final,110961.53311571942,1.0145590917589462,12,0.9891634965037703,1.0256738095824778
342,2025,Jan,31,2025-01-01,3781629,121988.03225806452,0.4064463239051983, Preliminary,111485.41810675885,1.0942061691085763,1,1.033748801688584,1.0584836154791548
343,2025,Feb,28,2025-02-01,3258491,116374.67857142857,0.1685216108892255, Preliminary,112345.01622503842,1.035868634691532,2,0.9679493567072364,1.0701682143943387
344,2025,Mar,31,2025-03-01,3497755,112830.80645161292,0.1349281470682051, Preliminary,113558.623796723,0.9935908227770274,3,0.9499329895867208,1.0459588556970745
345,2025,Apr,30,2025-04-01,3909128,130304.26666666666,0.2845534493393533, Preliminary,114892.26631464413,1.1341430615513772,4,1.0501103684278736,1.0800227248963452
346,2025,May,31,2025-05-01,3693587,119147.96774193548,0.214878232170968, Preliminary,116137.40744367639,1.0259223997205134,5,0.9137168198449895,1.122801263409553
347,2025,Jun,30,2025-06-01,3377985,112599.5,0.075571491433917, Preliminary,116768.94776625704,0.9642931802845114,6,0.931722956616115,1.0349569831215566
348,2025,Jul,31,2025-07-01,3437118,110874.7741935484,0.0438911231907166, Preliminary,116693.25287378393,0.9501386880822592,7,1.1357494002969934,0.8365742370929732
